,q1,q2,q3,q4,q5,q6,q7,q8,q9,WQI
0,42.761177500853336,91.55723050000017,48.14661825589101,78.56354474999999,60.24909553883441,94,91.407819375,79.68114,40.48798379611885,62.428032387664246
1,32.45786410699558,91.99384800000018,69.05834354704467,77.93018475000001,60.24909553883441,94,82.289478775,78.84612,45.48189905965032,62.741023780275086
2,29.447844915209007,54.11078642790172,35.355694315978425,55.270122990000004,23.44912950818304,94,5.0,74.39268000000001,83.55983077879289,42.08740291807717
3,20.538881240452675,89.65525450000007,29.025276355720763,74.25850275,63.552422602618385,94,75.73716,84.188688,12.597426831091918,43.011718325295185
4,29.447844915209007,50.5009195700097,15.289817461847367,64.13230044,52.35357908966519,94,46.796094916810226,81.093232,79.15231374014988,50.3713544864317
5,26.27311060614967,92.51845000000014,45.81629785205904,71.31074304,50.90325406456239,94,47.40674686489431,77.45442,85.10815023479094,60.47348067025503
6,23.362993948354003,92.03005000000013,35.355694315978425,78.30946659,53.84522647651271,94,80.507524375,80.51616,75.38434913041021,60.211724733069516
7,12.809181607477711,82.03853617000004,48.14661825589101,80.173711,58.5800449692425,94,82.50030677500001,84.188688,15.132092160848206,43.29895941463367
8,45.48195841088793,29.339999999999975,17.258771932875174,75.70074579,31.678925801400002,94,21.185698553315802,77.73276,50.0,42.650936577739245
9,28.826875503212644,19.889999999999986,15.289817461847367,76.62004284,34.26020864620416,94,18.700311051525684,79.12446,50.0,37.57592951854388
10,30.569113150832845,92.34581049999997,61.04912732152012,82.62693051,58.5800449692425,94,80.630034775,80.23782,87.61365810386147,68.8838859104661
11,3.0,92.48281800000018,32.03195988088193,71.25453451,37.45413481124664,94,53.969148406699,74.67102,14.414330595392862,30.438044821055076
12,13.471498548906162,92.43573450000002,23.755338084711127,68.73507771,36.98583132528864,94,72.6934375,81.383568,58.452662456459336,48.17733217808469
13,31.71464543619887,92.51936250000017,35.355694315978425,78.30946659,55.37937357332043,94,55.47668028969076,82.457872,89.181135956943,63.29736988897576
14,41.804774199407234,88.14488291999976,61.04912732152012,85.09423731000001,58.5800449692425,94,68.61375000000001,85.47,57.472510475779856,66.4996667239793
15,14.491383756788188,48.229146883558876,2.0,77.99324544,34.26020864620416,94,5.0,79.95948,50.0,27.748289105279678
16,31.71464543619887,28.80000000000001,26.280389353792813,79.84861874999999,49.49310666847779,94,92.42647897500001,81.093232,50.0,49.89771257187497
17,8.246188880907354,92.37119999999999,23.755338084711127,79.13879964,96.58829305567205,94,71.83975000000001,77.45442,84.33975156840361,52.915275226646244
18,23.903346457944163,56.01136101477867,29.025276355720763,89.897271,41.815734504530816,94,5.0,76.6194,85.13298521584738,44.92026640000813
19,9.05832111416425,91.93855199999996,48.14661825589101,77.30294275,44.232490359504986,94,85.7310775,77.45442,25.58579322854099,43.9819572067943
20,37.48203354330077,26.370000000000005,39.0713132937054,65.05147275,37.92644773704576,94,34.673952528896976,79.4028,50.0,46.380693478351596
21,34.70875742742651,77.28313872999979,15.289817461847367,57.92296730999999,16.684380707880962,94,5.0,73.00098,97.86606927804048,41.237895638323
22,26.52309480907649,92.03005000000013,19.241035940969354,83.37241755999999,63.731214318419624,94,59.013197500000004,85.47,49.03849897911756,53.83945122635198
23,17.049053336392234,92.49664200000018,39.0713132937054,65.54411875,37.45413481124664,94,59.70100000000001,80.486448,75.57362216996444,53.709533752972455
24,11.644221418222315,87.03999999999999,7.07522139191377,72.67810176,12.229069256063998,94,67.114,69.38256000000001,64.69949877654264,37.25182483552627
25,17.56325586842958,91.78676250000012,32.03195988088193,82.156384,63.731214318419624,94,64.47247750000001,84.188688,20.514238759934532,46.112059022589605
26,15.24800511905088,92.18977800000016,39.0713132937054,79.20302275,61.965700353311554,94,64.2102775,81.383568,11.433229256316185,41.32109309995116
27,23.109735592156245,92.41616200000016,29.025276355720763,84.194119,46.78892351374837,94,27.27962147948714,79.4028,81.32840719709685,54.34843196831655
28,23.62723192253044,90.34620000000007,11.05032272730708,80.89429779,39.36744315348984,94,41.642303328121535,80.486448,96.46748932244694,51.52787981403776
29,29.068770352378962,92.43573450000002,48.14661825589101,83.98786771,55.37937357332043,94,82.8604471,81.093232,32.211253839838406,56.27149559448741
30,23.362993948354003,39.329999999999984,2.0,59.36832339,28.077638723469363,94,18.519357890795604,71.88762,50.0,30.55067236437918
31,22.633034365904177,92.34581049999997,29.025276355720763,79.65429755999999,37.45413481124664,94,87.87846937500001,84.53435200000001,99.6832028580168,60.19519076542227
32,15.24800511905088,92.08073800000011,15.289817461847367,80.36950051000001,44.232490359504986,94,40.97288709107035,79.68114,91.69800590576673,49.972127668979596
33,10.0849014708663,92.524632,48.14661825589101,83.64533916,53.84522647651271,94,46.26823041801173,83.80820800000001,46.48175920391572,48.747627369713
34,41.53668611408475,91.54169999999976,39.0713132937054,71.47973571,71.31083424732728,94,78.036495775,84.188688,15.636380116297902,51.73670460720494
35,32.45786410699558,92.12127450000003,39.0713132937054,82.35767971,31.678925801400002,94,18.791449592955534,78.0111,80.34141903063181,54.663353818408325
36,4.368338470484602,92.37119999999999,39.0713132937054,74.97521930999999,97.95461603032871,94,65.68975,81.383568,15.796463383789916,37.75744581180178
37,25.148819799101673,92.31848200000013,35.355694315978425,81.489375,37.92644773704576,94,39.02851596324658,81.938128,35.95898767424744,49.198519213147755
38,22.40822531600329,92.23125000000005,17.258771932875174,84.26299179,81.83509458140098,94,62.822160000000004,75.78438,18.88790132029382,45.121605758441476
39,5.760633837933696,92.52305800000022,39.0713132937054,65.69310555999999,35.60497750646136,94,48.9684668604374,80.23782,45.3758470443566,40.98510312194695
40,22.40822531600329,92.03826249999997,53.96880022441068,78.62721724,52.35357908966519,94,80.44637110000001,81.093232,69.44271674882299,61.44013250826908
41,15.032995117196641,92.37119999999999,61.04912732152012,77.67855379,45.365127870184324,94,87.9014359,82.20235199999999,34.87752921060823,51.75442217290278
42,11.992510262487748,91.79679999999996,2.0,54.16023036,20.937609091584,94,84.4099375,73.00098,92.12003497202458,36.92923756217827
43,29.447844915209007,26.370000000000005,29.025276355720763,80.04349056,31.26274503337656,94,16.830642064813162,72.16596000000001,50.0,40.72832265500845
44,16.511123894293725,88.97206468000002,29.025276355720763,83.03264211,53.84522647651271,94,56.20060699665981,83.80820800000001,79.96362350588944,55.27654472864197
45,28.366726957193276,92.47180000000003,21.417505762758182,84.26299179,55.37937357332043,94,84.4099375,84.365872,90.33213729446982,61.91967761040048
46,11.037966666402724,84.42282147999993,69.05834354704467,82.62693051,53.84522647651271,94,80.875870975,83.80820800000001,25.96592841861226,47.92994454534569
47,25.012655502896298,82.85654799999986,23.755338084711127,76.55832810999999,46.78892351374837,94,35.75821945338373,79.12446,95.75883396024687,55.35552611161274
48,9.64088050962323,91.37731450000001,43.283734664856375,75.82252339,50.90325406456239,94,64.341,80.79419200000001,38.21185685946181,46.6402498108753
49,6.428919232237476,91.24001050000015,19.241035940969354,73.60925184,40.65733411912245,94,32.60305375636261,77.45442,84.65763185198745,42.62587370837197
50,30.569113150832845,92.47180000000003,39.0713132937054,86.71208284,61.965700353311554,94,82.81796440000001,77.03691,69.527786683625,63.942266896728675
51,4.236220732468979,91.73228799999998,13.639628641649324,70.86278784,33.38374327190496,94,72.17896,78.28944,11.075519217784809,28.539661749782024
52,22.06542116432179,92.37119999999999,35.355694315978425,74.79521423999999,87.54303176506956,94,85.4203804,82.9428,31.512299686036442,54.19488727968861
53,37.211513970699805,34.19999999999999,6.541929944206044,60.676471,50.618046442701555,94,33.08206714573014,76.6194,50.0,40.5919662642729
54,13.656086496047074,91.03368896999984,53.96880022441068,76.31208099,89.28164110839506,94,66.3924375,83.17220800000001,85.64690096167251,61.262474152891514
55,29.986747726280278,91.93855199999996,39.0713132937054,80.63140971,52.35357908966519,94,87.5348775,84.00280000000001,19.411680109178224,50.63974335158277
56,3.0,92.03005000000013,35.355694315978425,72.79363899999998,35.60497750646136,94,76.10959,77.45442,4.563246206278684,25.97014022045132
57,18.784515051980364,92.23125000000005,39.0713132937054,67.94150556000001,37.45413481124664,94,45.157056486394254,80.23782,87.55179765479733,54.80635135061625
58,16.511123894293725,92.43920200000002,35.355694315978425,78.43638331,53.84522647651271,94,69.39193750000001,82.704688,40.17448760048284,50.894766633508304
59,22.1916435743883,89.37015552000003,69.05834354704467,80.828484,75.43227031038737,94,78.54499597499999,85.47,94.30206258139874,68.80836919126996
60,28.040519220899974,89.33005000000014,8.357862346230126,77.67855379,58.5800449692425,94,66.3924375,84.00280000000001,95.29113945857823,55.3053220174593
61,18.45065910086396,91.55723050000017,61.04912732152012,82.829511,53.84522647651271,94,77.245,81.383568,77.40229162305334,61.81296554123466
62,6.68549146177584,90.32017416999997,23.755338084711127,74.31789264,45.49275335977689,94,60.110640000000004,82.457872,43.45484068601548,41.719376195675615
63,15.24800511905088,91.54169999999976,69.05834354704467,76.62004284000001,77.58147101163756,94,84.693877975,85.246192,23.743293697699624,51.76602250426265
64,6.428919232237476,92.37119999999999,29.025276355720763,74.97521930999999,72.11670066331683,94,53.2135645979824,74.67102,19.456778400318324,38.11069600583023
65,37.48203354330077,92.51372800000001,32.03195988088193,68.09911875,37.45413481124664,94,37.47887936937874,79.12446,75.33653455002988,57.20213299040192
66,25.502410353664708,91.94749450000006,53.96880022441068,78.49993344,37.45413481124664,94,64.341,80.23782,91.2785811643308,62.26844261321994
67,30.81572800880409,92.51845000000014,2.0,77.80424691,37.92644773704576,94,35.932492060728606,81.093232,91.20602686563797,44.05907304740417
68,42.79487286130697,36.89999999999998,21.417505762758182,77.55310539,48.12202388064323,94,78.7222044,81.383568,50.0,51.723931260793094
69,31.201870507855908,45.011659014456455,23.755338084711127,74.79521424,56.95723127306655,94,59.205937500000005,84.188688,50.0,50.69810108059261
70,31.89369577021627,92.46906250000023,7.07522139191377,67.62793104,33.38374327190496,94,44.287362146603556,85.47,99.31299619212312,50.683514185254076
71,29.31922785665334,91.54169999999976,32.03195988088193,80.36950051000001,63.731214318419624,94,79.19775,81.093232,36.8227124032154,55.60810775929272
72,3.0,72.98219778305152,43.283734664856375,72.96740371,49.49310666847779,94,49.04788949661093,77.73276,87.0346562896979,42.472954241722135
73,35.2481784858583,91.93855199999996,61.04912732152012,79.97847211,65.54703094359962,94,92.69547159999999,76.34106,11.691328780205549,50.704413082469976
74,58.49030929299554,91.62865450000004,53.96880022441068,79.71901011,69.33534586108487,94,82.41588497500001,81.938128,70.84879789594872,73.485447731313
75,17.299392923371308,25.560000000000002,15.289817461847367,69.32577936,9.907576212599999,94,5.0,56.022240000000004,50.0,27.457595557702305
76,27.729022771376666,92.51372800000001,35.355694315978425,76.25067216,70.51397296710302,94,63.56799,84.188688,30.588893708439226,53.50825075712362
77,53.72064055682313,23.399999999999977,2.0,51.203766359999996,32.951524744517044,94,5.0,76.34106,50.0,29.466174971862326
78,34.20364593186986,92.47180000000003,58.83265547495722,81.22428443999999,69.33534586108487,94,61.0764975,79.12446,90.68594108263699,69.64456830737602
79,46.431322666584876,92.48519050000016,61.04912732152012,81.95563890999999,65.54703094359962,94,77.0538775,81.66520000000001,64.80516625109375,70.26262951132632
80,19.01963385788079,85.17108313000006,61.04912732152012,81.75544443999999,65.54703094359962,94,80.916949375,85.121232,19.71933898685564,50.058862591953904
81,50.38371317298132,22.05000000000001,35.355694315978425,84.60827344,46.78892351374837,94,25.52594427509589,80.51616,50.0,48.119483633964016
82,50.76499690676624,14.443049999999914,11.05032272730708,73.19994650999999,29.638116359693996,94,5.0,73.55766,50.0,33.44666926116764
83,40.408683814425785,92.41616200000016,69.05834354704467,84.74681436,73.34260784157883,94,65.96856,81.383568,85.05571507449099,73.0941844263856
84,44.021631304082796,92.51936250000017,48.14661825589101,82.29051996000001,69.33534586108487,94,68.00479,79.95948,52.485341912790204,65.30356213119053
85,35.82649725930325,92.29487200000005,48.14661825589101,91.01020274999999,52.35357908966519,94,78.820917775,81.66520000000001,95.65200677424785,69.78100936661914
86,41.07918392130381,89.54879200000005,48.14661825589101,85.583199,69.33534586108487,94,76.2969375,84.188688,98.71817889125708,72.92266034328357
87,50.76499690676624,92.49463450000019,69.05834354704467,87.06807099,69.33534586108487,94,70.18900000000001,85.47,74.06731902156534,74.33058458521968
88,33.50208461977749,44.190000000000026,23.755338084711127,85.37327691,50.90325406456239,94,38.40111737561454,80.486448,50.0,49.30892587418756
89,19.01963385788079,64.30507438193241,43.283734664856375,86.78315811,60.24909553883441,94,51.91034819551242,84.00280000000001,80.46544285016357,57.11774112006035
90,27.935113355449886,92.47180000000003,35.355694315978425,83.10047484,97.95461603032871,94,77.245,81.093232,99.04798808271808,69.04105316321926
91,46.9440975923338,55.370532362284315,43.283734664856375,90.71207499,60.24909553883441,94,40.64222527256004,71.05260000000001,89.45996567700848,63.57097821390369
92,18.45065910086396,92.50451199999998,48.14661825589101,78.30946659,43.007139795007056,94,88.293021975,81.383568,50.152866289166155,55.17133680542517
93,27.239428095379235,27.71999999999997,61.04912732152012,79.91351484,69.33534586108487,94,40.7081434619186,83.604912,50.0,51.28980597036362
94,35.2481784858583,91.61752200000012,39.0713132937054,78.94649738999999,46.78892351374837,94,63.56799,82.9428,94.9099950805333,65.26171922171868
95,41.89595722749015,92.03005000000013,29.025276355720763,80.04349056000001,75.43227031038737,94,78.80116000000001,84.53435200000001,53.518078648948304,63.15481575411809
96,30.272099609340675,90.86281800000006,39.0713132937054,69.81458691,39.36744315348984,94,42.944473079911376,73.27932000000001,96.73944053169355,59.5598169189549
97,43.643439903376745,37.170000000000016,12.242925405090716,85.65329539,15.781451205600003,94,73.7427775,64.37244000000001,92.4799717098003,48.07762707027516
98,23.62723192253044,92.28921450000001,43.283734664856375,83.10047484,65.54703094359962,94,61.525397500000004,83.604912,36.670715663543916,54.85650631155718
99,27.334570340888934,92.37576250000006,35.355694315978425,78.94649739,65.54703094359962,94,71.3365975,77.73276,63.47486344017092,60.377723432237886
100,17.938487860299553,92.37576250000006,48.14661825589101,92.1369,60.24909553883441,94,41.239352468826084,73.55766,94.69519184423223,60.04454292047699
101,46.431322666584876,91.89920200000006,43.283734664856375,83.71372251,63.731214318419624,94,61.870000000000005,82.704688,91.43308428761453,70.69482150112286
102,44.021631304082796,92.32377450000024,39.0713132937054,85.93429275,63.731214318419624,94,78.95943360000001,80.486448,80.32812106949672,69.3131503968923
103,49.32015861133877,40.41,5.259532829686026,71.14230098999998,35.15271177986784,94,59.70100000000001,76.34106,50.0,43.39828747411397
104,30.878697752550686,92.46906250000023,29.025276355720763,79.58964619,60.24909553883441,94,78.40759,85.47,98.00940717648807,65.41070313650948
105,18.45065910086396,88.24973050000006,26.280389353792813,85.93429275,45.49275335977689,94,40.97288709107035,79.4028,96.47017700177237,54.98036777845221
106,32.45786410699558,91.94749450000006,53.96880022441068,89.67633651,67.41458344187637,94,43.85881643211012,84.00280000000001,92.85877890674224,67.73778165840903
107,20.11000167385003,91.54169999999976,35.355694315978425,83.78216704,84.40350905802433,94,85.6866016,85.47,28.132029214513093,52.9125064443415
108,28.5930202445342,89.75977800000021,29.025276355720763,80.89429779,36.98583132528864,94,26.581363700844207,80.51616,98.97395213476936,56.191412384865046
109,32.26509738195843,92.51845000000014,69.05834354704467,80.04349056000001,97.95461603032871,94,81.64071,81.383568,54.2057056067388,68.15692254975535
110,25.876419924596526,91.56872799999996,43.283734664856375,85.02463035999999,40.65733411912245,94,40.97288709107035,80.23782,93.6514546307045,60.071218043088614
111,47.21115919911277,89.33005000000014,53.96880022441068,81.22428443999999,80.01638447123916,94,68.15589750000001,81.093232,65.67654099219205,70.04848431142084
112,31.36890395881753,42.03000000000003,39.0713132937054,80.56584064,58.5800449692425,94,51.40803881923009,81.093232,76.73667136629297,56.655546544929095
113,32.85867950052385,90.61323449999998,53.96880022441068,80.56584064,60.24909553883441,94,85.5533551,72.4443,80.29021245130761,67.40151611639136
114,27.239428095379235,92.03005000000013,69.05834354704467,78.05636731,73.75585711201929,94,93.0883644,84.365872,38.692507914159904,61.61801283838841
115,23.109735592156245,58.649705010195525,2.0,52.51710475,16.920136683054004,94,90.5214631,74.67102,75.90163899556592,36.735197880889295
116,86.66900970948674,20.69999999999999,35.355694315978425,83.85067275,49.49310666847779,94,27.860439888967978,74.67102,50.0,52.09978974217269
117,63.53544905400912,92.35073799999998,39.0713132937054,85.86395164000001,67.41458344187637,94,61.9863775,84.365872,52.35862328080826,67.41636941824474
118,38.2493582514051,92.52305800000022,53.96880022441068,86.00469503999999,56.95723127306655,94,83.11597750000001,84.365872,88.14660249760848,70.99550268474938
119,19.393273406911725,81.19727427999987,69.05834354704467,85.30342524000001,61.965700353311554,94,84.127272975,84.188688,16.958407377118647,49.30029653166037
120,39.64291273526379,85.4153369999998,43.283734664856375,82.29051996000001,71.31083424732728,94,64.08031000000001,74.11434,84.09060565666576,67.70833690174354
121,55.65219583056269,92.50615449999998,48.14661825589101,80.50033275,63.731214318419624,94,66.25039,81.938128,80.71925826684065,71.99581426274452
122,36.779374617659656,42.84,29.025276355720763,71.36701274999999,43.007139795007056,94,27.103355990157258,78.28944,85.39835196780501,52.17246181496864
123,52.54484542256013,92.47180000000003,53.96880022441068,86.21626899,73.34260784157883,94,88.154565975,80.641408,65.98637219634888,72.79033366527074
124,29.068770352378962,92.11379199999999,53.96880022441068,81.02610890999999,58.5800449692425,94,85.133200975,76.06272,23.46220806012948,53.8594437333713
125,41.30498382583269,92.51845000000014,48.14661825589101,79.84861874999999,93.12438355689208,94,88.75650497500001,81.938128,62.6754322643952,70.06347315802114
126,63.53544905400912,45.011659014456455,32.03195988088193,77.99324544,76.07070274287321,94,53.620430285379875,78.28944,50.0,59.25398672552187
127,37.48203354330077,91.73228799999998,53.96880022441068,76.55832810999999,52.35357908966519,94,70.6762975,84.987568,94.08183765185213,69.21231923568706
128,35.82649725930325,92.50615449999998,43.283734664856375,83.37241756,63.731214318419624,94,89.99934040000001,83.604912,44.54678831975669,62.08266077614319
129,32.26509738195843,92.29487200000005,53.96880022441068,85.44318976,67.41458344187637,94,83.479839975,82.9428,60.216986114196104,65.83889067060431
130,38.452633703070546,51.676624680037406,21.417505762758182,73.374996,23.781112039542965,94,5.0,72.72264000000001,78.073796965175,42.11909027573562
131,45.040876364041075,91.7426905000001,35.355694315978425,80.56584064,55.37937357332043,94,73.0401975,80.79419200000001,68.81469823059291,65.2738748094474
132,35.2481784858583,92.03005000000013,69.05834354704467,82.49218275000001,82.06532084774574,94,87.3979164,67.71252000000001,61.495561778440575,68.85107960133749
133,56.56282102076221,91.16845,9.134160775346228,78.882519,63.731214318419624,94,65.8287775,83.604912,95.43188536833996,62.715322095842524
134,50.76499690676624,90.34620000000007,48.14661825589101,86.49922411,67.41458344187637,94,72.86644000000001,81.938128,95.73082077581873,74.39602001525733
135,15.899199376859428,92.52251050000018,29.025276355720763,74.556064,39.36744315348984,94,42.666990176890295,81.66520000000001,32.206106075950935,44.2821029670131
136,27.62825305844525,92.37119999999999,43.283734664856375,78.43638331,86.80831644495646,94,86.40184,84.53435200000001,75.56430108645233,66.7911441038885
137,36.779374617659656,92.47180000000003,53.96880022441068,83.37241756,93.64909333607295,94,63.707673775,85.47,51.944140783285306,66.23126954396297
138,54.47349400851173,90.69836800000007,43.283734664856375,82.829511,46.78892351374837,94,44.57538306780371,79.68114,93.01387718973864,68.20354706242013
139,40.02972,19.889999999999986,39.0713132937054,77.30294275,54.3009536974448,94,69.86791000000001,78.84612,50.0,50.47798829133414
140,36.44926155625893,84.47999999999999,53.96880022441068,83.78216704,49.49310666847779,94,57.01375,80.23782,96.03615849798182,67.23618781631944
141,53.31367279021942,39.60000000000002,35.355694315978425,84.95508459,56.95723127306655,94,38.96531757376327,83.392912,50.0,55.09995563520244
142,44.57857370782422,45.011659014456455,39.0713132937054,81.22428443999999,73.75585711201929,94,85.97623477500001,81.938128,50.0,59.79554277412929
143,23.15954862837458,80.0,35.355694315978425,79.39605916,69.33534586108487,94,68.92276000000001,85.246192,94.7544664500426,62.641097335025
144,44.61966566084453,65.04930660088779,23.755338084711127,62.40571579,28.077638723469363,94,5.0,85.47,74.33290406303487,44.96027438945
145,36.779374617659656,81.19727427999987,29.025276355720763,80.89429779,65.54703094359962,94,79.3971775,80.79419200000001,39.386261210420194,56.99103778166807
146,11.756540650080296,91.37731450000001,69.05834354704467,79.91351484,71.31083424732728,94,72.86644000000001,79.12446,93.04379794126514,61.404251705603954
147,76.58450485474337,92.08073800000011,69.05834354704467,81.35670736,75.43227031038737,94,87.48919360000001,82.457872,84.74725389239075,82.18397204538313
148,96.75351456423012,89.65525450000007,61.04912732152012,82.96487056,79.79190629637895,94,80.101119375,80.23782,95.14393507766424,85.32795685313864
149,96.75351456423012,25.560000000000002,15.289817461847367,57.497145759999995,27.321456544403762,94,5.0,66.8775,50.0,39.164289011486275
150,45.48195841088793,38.51999999999998,53.96880022441068,82.49218275000001,80.01638447123916,94,59.30344000000001,84.694128,96.17155126173431,66.7785586711313
151,84.0164379668913,31.5,48.14661825589101,85.79367171,89.28164110839506,94,56.47450839514642,84.8452,50.0,63.9302336958657
152,96.75351456423012,84.80000000000001,68.21226763140413,89.97103819,89.28164110839506,94,72.52119,84.987568,93.32790845046098,86.80217850671103
153,96.75351456423012,92.52481449999993,69.05834354704467,89.38261371,79.79190629637895,94,78.4860624,84.00280000000001,90.77149969134332,86.84301853823523
154,68.4427302237525,89.17240176999996,69.05834354704467,85.09423731000001,79.79190629637895,94,85.9092831,84.8452,15.317496763577028,60.84744825160556
155,66.5,43.64999999999998,53.96880022441068,86.71208284,75.43227031038737,94,43.85881643211012,84.53435200000001,81.42301541263917,68.02465216705619
156,86.66900970948674,25.829999999999984,43.283734664856375,87.56902396000001,65.54703094359962,94,45.23029734317272,80.79419200000001,50.0,58.99562178366335
157,86.66900970948674,92.03826249999997,69.05834354704467,86.14568315999999,77.58147101163756,94,58.82347750000001,81.938128,99.15353318750104,83.9662330826484
158,86.66900970948674,91.50686250000012,69.05834354704467,85.37327691,79.79190629637895,94,63.56799,80.51616,83.31539460840213,82.01050975639737
159,55.65219583056269,92.49664200000018,69.05834354704467,91.384239,75.43227031038737,94,90.1413751,81.383568,93.39002294319191,80.72771593225278
160,96.75351456423012,92.52481449999993,69.05834354704467,88.57992336,82.06532084774574,94,79.99999,85.121232,91.27295188300701,87.31588908963153
161,80.76995253112142,82.4,69.05834354704467,89.97103819,79.79190629637895,94,54.85089794421555,85.47,94.18081191353482,81.67567016846711
162,96.75351456423012,44.190000000000026,32.03195988088193,87.92868290999999,82.06532084774574,94,51.40803881923009,85.47,82.44111448643372,70.17155289682266
163,68.4427302237525,75.54560740168097,61.04912732152012,91.23444096,79.79190629637895,94,78.2901079,85.246192,90.28446875645187,79.64920956553522
164,96.75351456423012,81.6,39.0713132937054,85.86395164000001,97.95461603032871,94,47.10043127177064,78.0111,90.87555892293163,78.4125368441005
165,80.76995253112142,68.90167893452477,61.04912732152012,82.156384,97.1325202492914,94,48.81000720409161,67.99086,95.50103944475171,77.80983756113687
166,86.66900970948674,91.30963199999997,53.96880022441068,85.37327691,69.33534586108487,94,84.562669975,81.938128,87.41166693208885,81.47348022581164
167,96.75351456423012,24.210000000000036,69.05834354704467,87.49727571,91.82543522846287,94,73.21471,85.47,50.0,67.32826229072924
168,60.245345562976965,81.28,48.14661825589101,85.93429275,75.43227031038737,94,79.457152975,84.00280000000001,87.16776420762592,75.63850672182056
169,58.32927443960972,92.37119999999999,61.04912732152012,87.71270399999999,94.44170660639645,94,85.95391,85.47,76.81223007789674,79.11525847502674
170,76.58450485474337,92.08073800000011,61.04912732152012,83.98786771,71.31083424732728,94,82.754296975,83.17220800000001,72.83101254295623,78.62390532359075
171,96.75351456423012,19.079999999999984,2.0,93.27736275,63.731214318419624,94,32.23528814128304,78.0111,50.0,41.42018024491762
172,61.23916860831322,92.43573450000002,61.04912732152012,84.74681436,73.34260784157883,94,71.83975000000001,84.188688,34.89634521536413,66.67852124653436
173,57.70790534526126,82.08000000000001,39.0713132937054,79.65429755999999,69.33534586108487,94,74.09859750000001,80.79419200000001,92.14601437713748,72.56797081467457
174,80.76995253112142,74.68128650470605,61.04912732152012,85.86395164000001,77.58147101163756,94,51.15870980112658,84.53435200000001,88.93415377575451,77.86250855083397
175,96.75351456423012,83.36000000000001,48.14661825589101,87.64083339,84.40350905802433,94,64.341,84.8452,97.81326190621121,82.82812388654962
176,68.4427302237525,78.19905361926894,53.96880022441068,88.94386491,79.79190629637895,94,83.051992975,84.188688,92.56389892532184,79.42938623469014
177,96.75351456423012,84.80000000000001,48.14661825589101,88.21751131,86.80831644495646,94,75.9229975,79.4028,87.9707995142499,82.45040194520743
178,76.58450485474337,92.1965305,69.05834354704467,88.72531644,79.79190629637895,94,61.2994375,85.47,98.56916429319502,83.38722562473801
179,96.75351456423012,33.66,43.283734664856375,85.30342524,79.79190629637895,94,48.9684668604374,84.53435200000001,77.08343406587605,68.46692968764359
180,52.45265781188538,86.56,61.04912732152012,89.97103819,71.31083424732728,94,38.83922763817799,82.20235199999999,98.97307247508925,73.55632721905286
181,89.91549514525663,92.23125000000005,53.96880022441068,93.12450571,89.28164110839506,94,85.59774039999999,85.362448,82.70699124297144,84.42104802218977
182,96.75351456423012,53.49170233989227,39.0713132937054,86.996751,67.41458344187637,94,28.223996547337055,81.093232,87.57361618563105,68.79238488053902
183,86.66900970948674,92.23125000000005,69.05834354704467,85.51316379000001,87.54303176506956,94,85.95391,84.00280000000001,86.06953082415063,85.65130006629411
184,96.75351456423012,72.14720497776958,48.14661825589101,89.45595263999999,79.79190629637895,94,63.067750000000004,84.00280000000001,95.51506609738865,80.5940228688985
185,96.75351456423012,71.32176536499281,61.04912732152012,81.55580058999999,80.01638447123916,94,58.4530975,80.23782,93.7968584111286,80.6394790877854
186,61.23916860831322,36.629999999999995,48.14661825589101,82.55952604,73.34260784157883,94,57.834,81.383568,50.0,60.553470449235625
187,80.76995253112142,44.46000000000001,69.05834354704467,88.72531644,71.31083424732728,94,90.09400000000001,80.486448,90.99057836261132,77.1012466892689
188,65.17244534656237,86.4,53.96880022441068,85.86395164,84.40350905802433,94,86.199897775,84.987568,96.60362071360407,80.84874849981519
189,86.66900970948674,32.85000000000002,48.14661825589101,87.49727571,75.43227031038737,94,96.0456391,81.66520000000001,50.0,66.15679088514443
190,96.75351456423012,27.71999999999997,69.05834354704467,93.81428956,91.82543522846287,94,83.8027071,83.604912,84.19464691138761,75.97668639333972
191,96.75351456423012,92.51845000000014,61.04912732152012,92.36389131,79.79190629637895,94,67.5559975,85.362448,84.86087747850257,84.17419887948877
192,76.58450485474337,92.51845000000014,43.283734664856375,91.98587836,89.28164110839506,94,92.01256000000001,85.47,89.26140521313977,82.07820049110288
193,96.75351456423012,92.07289050000003,69.05834354704467,90.71207499,82.06532084774574,94,88.431749775,84.694128,94.30737644252557,88.632375320935
194,61.23916860831322,92.51845000000014,61.04912732152012,87.64083339,84.40350905802433,94,84.7595839,83.17220800000001,96.55925830113445,81.66905992962532
195,73.33801941897349,80.63999999999999,69.05834354704467,93.73740219000001,75.43227031038737,94,39.73050011116233,81.66520000000001,94.51013513906823,77.89167792681728
196,63.53544905400912,89.44039050000015,35.355694315978425,88.57992336,61.965700353311554,94,45.3036569903135,81.66520000000001,95.02757267200242,71.19211708227486
197,59.33298193148171,30.689999999999998,53.96880022441068,89.897271,79.79190629637895,94,77.28331510000001,84.694128,73.9730877872039,66.61151482018815
198,84.0164379668913,71.32176536499281,53.96880022441068,89.45595263999999,89.28164110839506,94,81.7657119,85.305408,89.45647248426177,81.48230690604959
199,96.75351456423012,90.78156250000006,69.05834354704467,89.38261371,89.28164110839506,94,87.51203177500001,84.8452,95.2838859758993,89.19377912346053
200,65.17244534656237,90.34620000000007,53.96880022441068,83.03264211,94.70739899192414,94,85.7310775,80.79419200000001,47.753623404181376,72.37385030702838
201,96.75351456423012,63.56935695928578,69.05834354704467,88.79810475,94.70739899192414,94,58.6367775,82.457872,86.53032849896394,81.66269526272565
202,80.76995253112142,91.24001050000015,53.96880022441068,88.72531644,82.06532084774574,94,87.35232309999999,85.246192,91.17637477832046,83.36686076646986
203,86.66900970948674,89.44039050000015,61.04912732152012,84.88560000000001,77.58147101163756,94,78.56465560000001,85.47,92.44196411347771,83.74609845010333
204,73.33801941897349,68.11337153998458,39.0713132937054,85.44318976,73.34260784157883,94,84.62823999999999,80.17,98.9991835538481,76.1673380702624
205,86.66900970948674,74.68128650470605,61.04912732152012,79.07463770999999,71.31083424732728,94,64.341,85.121232,88.18764782827621,78.75286638234914
206,53.41392801394582,88.98739450000005,53.96880022441068,89.897271,77.58147101163756,94,52.16334042685117,82.20235199999999,90.33443631097956,74.3053610338849
207,96.75351456423012,50.5009195700097,48.14661825589101,83.30434011,75.43227031038737,94,67.8544375,85.362448,50.0,68.78445201761762
208,100.0,80.0,53.96880022441068,89.45595263999999,89.28164110839506,94,88.154565975,84.987568,93.15389809047448,85.8750877324664
209,96.75351456423012,83.03999999999999,2.0,88.00079824,32.52331565697024,94,78.6039975,83.80820800000001,99.38135070003403,55.75563264262333
210,62.32940584219643,87.19999999999999,69.05834354704467,79.26730703999999,55.37937357332043,94,35.816216205905164,82.457872,98.66928521292789,73.14428932151654
211,31.89369577021627,91.54169999999976,48.14661825589101,79.58964619,89.28164110839506,94,91.23933760000001,84.365872,32.89768044604391,60.32637827780487
212,56.29462654437464,91.79679999999996,61.04912732152012,86.64106875,95.77766430292317,94,70.4155599,82.704688,79.44531445076788,77.64551810998101
213,96.75351456423012,40.68000000000001,53.96880022441068,86.92549219,71.31083424732728,94,50.33631362535268,81.66520000000001,81.0594881212806,71.50611543280111
214,80.76995253112142,32.579999999999984,48.14661825589101,85.583199,69.1408322999555,94,83.22276937500001,81.383568,75.97608846786662,68.64369757136764
215,86.66900970948674,70.5057696461902,61.04912732152012,90.86101651000001,82.06532084774574,94,54.85089794421555,83.392912,93.58993841009887,80.08201269053346
216,100.0,83.19999999999999,69.05834354704467,90.93557904000001,82.06532084774574,94,87.786678775,80.51616,89.64772133310377,86.85906663953592
217,66.5,56.65960627217707,53.96880022441068,90.04486655999999,94.44170660639645,94,91.215298975,85.362448,84.49181800548723,76.94327514090142
218,79.83099029051326,31.5,48.14661825589101,84.67751331,86.80831644495646,94,65.5514775,85.47,50.0,63.97670914473709
219,86.66900970948674,44.190000000000026,32.03195988088193,81.88884623999999,71.31083424732728,94,49.127440949460585,85.47,76.87375984889064,66.53664942261742
220,52.92209467045358,91.61752200000012,61.04912732152012,91.01020274999999,84.40350905802433,94,73.7427775,81.938128,64.27195549736592,73.836120211549
221,3.0,88.24973050000006,61.04912732152012,88.50731859000001,89.28164110839506,94,80.3242684,84.188688,98.29647767745453,51.98142190121784
222,86.66900970948674,92.1965305,69.05834354704467,93.20090364,89.28164110839506,94,86.11034197500001,84.8452,89.29028700680317,87.18249205977503
223,76.58450485474337,84.47999999999999,69.05834354704467,88.07297475,84.40350905802433,94,78.80116000000001,80.23782,99.45620679610444,84.30565033001345
224,86.66900970948674,65.80215216180808,53.96880022441068,90.48912156,91.82543522846287,94,84.34459397500001,85.47,91.29341767502261,81.89469523025684
225,73.33801941897349,81.44,69.05834354704467,88.87095423999999,92.6026136924777,94,72.52119,85.47,79.14857117902338,80.9077701057499
226,76.58450485474337,42.30000000000001,69.05834354704467,92.51552475000001,91.82543522846287,94,80.04041910000001,85.47,91.15004674255198,77.96553431890716
227,96.75351456423012,84.80000000000001,69.05834354704467,91.98587836,94.44170660639645,94,84.9790944,85.47,94.72286565980114,88.9749595877862
228,70.68544767637805,91.61752200000012,69.05834354704467,90.86101651000001,94.44170660639645,94,80.711859375,82.704688,99.18532774932198,85.66016994065185
229,62.32940584219643,36.359999999999985,61.04912732152012,82.35767971,77.58147101163756,94,96.2499375,82.704688,75.58212352371021,69.87333101988092
230,96.75351456423012,44.190000000000026,69.05834354704467,91.68456923999999,86.80831644495646,94,49.207121427915936,84.53435200000001,82.83452783703979,76.24825082109503
231,80.76995253112142,40.140000000000015,69.05834354704467,93.66057599999999,89.28164110839506,94,71.50356000000001,85.47,83.86984479837325,76.1881381240201
232,86.66900970948674,92.32377450000024,69.05834354704467,91.60939490999999,86.80831644495646,94,65.96856,79.95948,99.10867508099466,86.08297712896511
233,63.53544905400912,89.21777050000014,69.05834354704467,89.897271,89.28164110839506,94,76.6738975,85.47,97.71458646125261,83.1384350012432
234,70.68544767637805,88.98739450000005,69.05834354704467,93.66057599999999,86.80831644495646,94,89.223007975,84.188688,99.77295202657864,85.79377263987877
235,66.5,91.93855199999996,69.05834354704467,93.50710716,89.28164110839506,94,85.531173775,85.47,98.60353989400011,85.21475948884324
236,80.76995253112142,56.65960627217707,69.05834354704467,91.83510144,86.80831644495646,94,57.01375,84.00280000000001,91.43977297779227,78.64779463264227
237,80.76995253112142,45.53259965855287,39.0713132937054,93.20090364,91.82543522846287,94,75.36775000000002,85.47,85.06318510595406,73.72233550682927
238,96.75351456423012,80.32,69.05834354704467,95.991975,94.44170660639645,94,89.269824375,85.246192,90.5905840428122,88.43366548369653
239,96.75351456423012,92.37119999999999,53.96880022441068,91.53428176,97.95461603032871,94,77.49458797500002,85.47,98.7501827528688,87.95501023152532
240,86.66900970948674,42.56999999999999,39.0713132937054,94.04531874999999,84.40350905802433,94,49.849235360990576,77.45442,96.5861772156591,71.94693390496418
241,96.75351456423012,85.12,61.04912732152012,86.14568315999999,86.80831644495646,94,88.0393936,84.53435200000001,94.33386210269678,86.72500611760573
242,96.75351456423012,33.390000000000015,69.05834354704467,89.60281404,97.1325202492914,94,73.7427775,85.47,85.80576426103926,77.3655235622257
243,80.76995253112142,86.24000000000001,69.05834354704467,92.89567899999999,91.82543522846287,94,82.669512775,85.47,85.93971252659854,85.0057815839312
244,68.03287593378262,92.47180000000003,69.05834354704467,90.93557904000001,94.44170660639645,94,84.06222389999999,85.47,87.92794814747853,84.03648041918738
245,96.75351456423012,40.68000000000001,61.04912732152012,87.92868290999999,89.28164110839506,94,64.60471,84.188688,85.45114482630946,76.48551667093652
246,96.75351456423012,28.260000000000048,43.283734664856375,86.78315811,84.40350905802433,94,68.30776,84.694128,50.0,64.45050030334662
247,56.29462654437464,89.33005000000014,69.05834354704467,93.66057599999999,84.40350905802433,94,62.2213975,85.362448,92.97353521440704,79.49750574755366
248,70.68544767637805,92.51845000000014,69.05834354704467,80.23891299,91.82543522846287,94,88.246839775,84.188688,67.56199457210592,79.80714207905986
249,96.75351456423012,86.4,69.05834354704467,92.1369,91.82543522846287,94,68.61375000000001,85.362448,91.21994819677225,86.86308163690174
250,96.75351456423012,87.52000000000001,69.05834354704467,93.35388304,94.44170660639645,94,80.20243749999999,85.47,97.88188831384669,89.52955199609971
251,80.76995253112142,81.91999999999999,61.04912732152012,90.48912156,89.28164110839506,94,85.1993599,84.53435200000001,94.52620544368715,84.4796868563746
252,96.75351456423012,92.29487200000005,61.04912732152012,90.86101651000001,91.82543522846287,94,76.6738975,82.9428,90.49129216214467,86.81272005686432
253,96.75351456423012,92.46906250000023,53.96880022441068,88.434775,73.34260784157883,94,5.0,82.704688,97.59750481875504,68.07994293885793
254,96.75351456423012,38.78999999999999,69.05834354704467,94.35421419000001,94.44170660639645,94,83.11597750000001,85.47,80.83172505377422,78.91000513034045
255,66.5,38.25,69.05834354704467,93.04816896,86.80831644495646,94,60.8565775,84.53435200000001,93.44879615613871,73.65549086707972
256,66.5,91.79679999999996,61.04912732152012,91.01020274999999,89.28164110839506,94,84.19239,85.47,85.97028320310858,81.89071292255319
257,68.4427302237525,91.16845,69.05834354704467,91.01020274999999,95.24102827905374,94,80.40564,85.47,94.29571966563688,84.74965092198012
258,96.75351456423012,75.54560740168097,69.05834354704467,91.53428176,89.28164110839506,94,86.85279,85.362448,94.42400451792182,87.31164591763756
259,80.76995253112142,50.5009195700097,69.05834354704467,87.78463579,92.08376727067859,94,70.02807750000001,78.84612,98.4002672115563,79.55207612851123
260,96.75351456423012,54.11078642790172,78.11831262296408,95.44305691000001,94.44170660639645,94,88.45489750000002,85.47,90.2877962043739,85.24378938211362
261,96.75351456423012,81.75999999999999,69.05834354704467,91.60939490999999,84.40350905802433,94,87.1248096,81.383568,96.20416875548402,87.62269733964914
262,76.58450485474337,80.0,69.05834354704467,90.86101651000001,96.86002442222777,94,82.839201975,85.47,92.84904140152396,84.95807888060139
263,96.75351456423012,32.579999999999984,53.96880022441068,90.71207499,91.82543522846287,94,94.1289039,85.47,78.74851825101635,75.30055138160542
264,96.75351456423012,38.51999999999998,69.05834354704467,92.43967744,89.28164110839506,94,73.0401975,83.80820800000001,94.55288164152621,79.40382357700703
265,96.75351456423012,92.50615449999998,69.05834354704467,93.43046451,86.80831644495646,94,87.924409975,85.47,42.16398103574267,78.02680066812071
266,86.66900970948674,92.29487200000005,69.05834354704467,94.04531874999999,94.44170660639645,94,91.7700975,85.47,92.89267413659057,88.85941026026549
267,80.76995253112142,92.31848200000013,69.05834354704467,92.4320960739,91.82543522846287,94,90.307425775,85.47,95.63606001702426,87.85040171245117
268,100.0,91.79679999999996,32.03195988088193,90.86101651000001,91.82543522846287,94,85.177299375,85.47,94.25637752708504,83.20479070706274
269,86.66900970948674,91.84897049999995,69.05834354704467,95.59958474999999,89.28164110839506,94,45.157056486394254,84.00280000000001,95.25979810550521,83.81869618625878
270,86.66900970948674,91.84897049999995,69.05834354704467,92.74343376,94.44170660639645,94,75.55207750000001,85.246192,98.08553097511704,88.10775674301418
271,68.4427302237525,43.64999999999998,69.05834354704467,89.30933596,94.44170660639645,94,86.694613975,85.362448,82.77589697640357,76.12408032174419
272,84.0164379668913,81.6,32.03195988088193,90.41492611,91.82543522846287,94,87.2612271,84.278368,94.09482627837106,79.92415977083104
273,73.33801941897349,91.37731450000001,69.05834354704467,92.36389131,91.82543522846287,94,91.649149375,85.246192,98.39078050060033,86.97760187987524
274,71.6892156595224,56.65960627217707,69.05834354704467,90.63769599999999,97.95461603032871,94,86.40184,85.47,87.83453570024015,80.2913419121714
275,96.75351456423012,91.79679999999996,69.05834354704467,90.63769599999999,97.95461603032871,94,77.74545189999999,85.362448,97.47650267383126,89.8101522954774
276,96.75351456423012,91.24001050000015,61.04912732152012,91.68456923999999,89.28164110839506,94,85.6421559,84.987568,88.80265008692464,87.18758960679673
277,86.66900970948674,90.94213450000018,53.96880022441068,88.36229259000001,89.28164110839506,94,83.39402897500001,85.47,96.21352972274347,85.3782808872555
278,86.66900970948674,39.329999999999984,43.283734664856375,88.65258931,86.80831644495646,94,84.257574975,85.47,90.61812343369805,74.634109642663
279,96.75351456423012,86.88,69.05834354704467,89.23611939,89.28164110839506,94,75.36775000000002,83.80820800000001,94.79120533087536,87.49302076958965
280,76.58450485474337,91.30963199999997,69.05834354704467,91.75980475,86.80831644495646,94,79.6374871,84.00280000000001,88.08794670942302,84.31553838848819
281,70.68544767637805,88.98739450000005,61.04912732152012,89.60281404,86.80831644495646,94,84.127272975,85.47,95.38676903521527,83.43359852594345
282,100.0,63.56935695928578,69.05834354704467,90.19270684,91.82543522846287,94,88.1776231,85.47,91.5679127619909,85.72504302882501
283,76.58450485474337,91.94749450000006,61.04912732152012,91.98587836,67.41458344187637,94,87.30676,84.8452,99.27388872018585,83.63924905987531
284,96.75351456423012,44.73000000000002,53.96880022441068,92.36389131,94.44170660639645,94,86.875416775,84.365872,86.86888496461921,79.30992967508554
285,58.49030929299554,54.7370354609636,61.04912732152012,88.14521244000001,82.06532084774574,94,41.642303328121535,84.00280000000001,94.56221930697846,71.5898073675276
286,43.643439903376745,92.23125000000005,61.04912732152012,85.37327691,82.06532084774574,94,86.85279,84.694128,90.79221835155707,76.63044433164067
287,68.4427302237525,91.79679999999996,69.05834354704467,90.04486655999999,81.1482838038943,94,74.367444375,85.47,78.75871415896623,80.36614277261491
288,86.66900970948674,38.25,69.05834354704467,90.04486655999999,90.037289786005,94,80.2836279,83.17220800000001,92.43111125841115,78.14035743767717
289,86.66900970948674,83.84,69.05834354704467,93.89123810999999,97.1325202492914,94,75.36775000000002,84.987568,99.11071358526696,87.6175045007956
290,100.0,56.65960627217707,69.05834354704467,90.93557904000001,84.40350905802433,94,85.133200975,85.47,85.91408009724259,82.77145950511978
291,89.91549514525663,71.32176536499281,48.14661825589101,92.81952579,92.08376727067859,94,90.592944775,85.47,89.31467718675879,82.60055507549275
292,100.0,28.80000000000001,53.96880022441068,86.49922411,94.44170660639645,94,71.83975000000001,85.47,50.0,67.41413184904306
293,80.76995253112142,47.131876022809614,61.04912732152012,87.13945216,84.40350905802433,94,48.9684668604374,85.47,84.76109184119714,73.61313855236023
294,63.53544905400912,92.32377450000024,69.05834354704467,92.81952579,89.28164110839506,94,67.114,83.17220800000001,96.79575245102329,82.54741413812452
295,51.57380380818426,89.96300800000006,69.05834354704467,90.34079184000001,91.82543522846287,94,79.858725975,82.457872,99.44684391203,81.19811951713955
296,96.75351456423012,92.29487200000005,69.05834354704467,93.66057599999999,94.44170660639645,94,89.269824375,85.47,94.13949527659734,90.30680450487299
297,66.5,60.01512089705898,69.05834354704467,90.86101651000001,94.44170660639645,94,86.7623584,84.365872,97.67315602462952,81.06338060607789
298,96.75351456423012,91.16845,69.05834354704467,91.68456923999999,97.1325202492914,94,84.49716790000001,85.47,95.85438820702403,90.11526437895684
299,68.4427302237525,89.54879200000005,69.05834354704467,95.991975,97.1325202492914,94,94.02923109999999,85.47,98.56848913523379,86.9124975575054
300,86.66900970948674,92.49664200000018,69.05834354704467,94.66408851,97.1325202492914,94,90.070323775,85.47,96.25875952257684,89.59846351571737
301,96.75351456423012,85.28,69.05834354704467,97.33754251,97.1325202492914,94,92.71997077500001,85.47,93.70974686285327,90.25534885626269
302,12.964456742362913,92.524632,69.05834354704467,95.991975,94.44170660639645,94,94.553860975,85.47,98.95101401447326,67.86708389660896
303,40.53874988795079,90.61323449999998,61.04912732152012,91.23444096,94.44170660639645,94,79.87888389999999,85.47,99.08082381376752,77.89587017815961
304,62.32940584219643,92.47180000000003,69.05834354704467,93.04816896,94.44170660639645,94,92.524188775,85.47,98.56423770679187,85.41309201348226
305,57.70790534526126,89.75791299999992,69.05834354704467,95.991975,91.82543522846287,94,93.8799484,85.47,98.83925363746879,84.29409472160263
306,96.75351456423012,91.68664200000012,69.05834354704467,94.81939275,94.44170660639645,94,92.7444775,85.47,98.25529995981415,91.2842601061952
307,59.33298193148171,86.08000000000001,48.14661825589101,94.35421419000001,94.44170660639645,94,91.7700975,85.47,94.23258835067942,80.52300181708426
308,64.88305358424546,89.54879200000005,69.05834354704467,95.991975,97.1325202492914,94,95.258546775,85.47,93.24523045331581,85.49784304948959
309,64.88305358424546,84.47999999999999,69.05834354704467,96.07063659,97.1325202492914,94,90.9992911,82.9428,97.35626104203737,85.01729662978074
310,96.75351456423012,54.11078642790172,69.05834354704467,91.384239,97.1325202492914,94,89.45739197500001,85.47,93.56688229860676,84.65784958101509
311,96.75351456423012,90.61323449999998,69.05834354704467,93.66057599999999,97.1325202492914,94,91.09521910000001,85.47,98.91754809778092,91.27267291942422
312,40.02972,92.15987200000018,69.05834354704467,95.36488476,94.44170660639645,94,86.98866389999999,85.47,98.77972873585756,79.72374273605901
313,96.75351456423012,91.68664200000012,69.05834354704467,95.991975,94.44170660639645,94,89.928424975,85.47,98.40376619592394,91.19475579351969
314,66.5,88.24973050000006,69.05834354704467,94.97494171000001,97.1325202492914,94,89.62191,85.47,99.22046248708912,86.05994568032509
315,96.75351456423012,89.75791299999992,69.05834354704467,95.208724,94.44170660639645,94,92.69547159999999,85.47,96.2662390753161,90.76900166224632
316,68.4427302237525,83.19999999999999,69.05834354704467,96.07063659,94.44170660639645,94,93.73093750000001,85.47,93.99867880163859,85.20207646531513
317,38.2493582514051,91.7426905000001,69.05834354704467,95.75635731,97.1325202492914,94,86.920692975,85.47,94.74877961683775,78.828324376874
318,96.75351456423012,88.7492625000001,69.05834354704467,95.67794044,94.44170660639645,94,93.48319000000001,85.47,96.18033102650102,90.73820672728164
319,44.021631304082796,80.0,78.11831262296408,95.91337459,97.1325202492914,94,88.68679,85.47,94.68210340913204,80.31053621930451
320,86.66900970948674,46.59263798156189,69.05834354704467,93.66057599999999,91.82543522846287,94,87.8555104,85.47,94.07424348137408,81.48931663797205
321,66.5,83.03999999999999,69.05834354704467,94.58652816,94.44170660639645,94,87.99337750000001,85.47,97.60820201324898,84.79792170997735
322,70.68544767637805,91.79679999999996,69.05834354704467,95.991975,82.06532084774574,94,92.573088975,85.47,98.90541211527658,86.07240824328426
323,61.23916860831322,92.43920200000002,69.05834354704467,94.97494171000001,94.44170660639645,94,90.56911,85.47,98.34754464753256,85.18088064292549
324,53.9302593342417,86.82661008000002,69.05834354704467,94.4393320459,94.44170660639645,94,90.497650975,85.47,97.48400551004661,82.77020772099539
325,96.75351456423012,87.27636771999994,69.05834354704467,98.45893299000001,97.1325202492914,94,85.509,85.47,92.46937054671271,89.82137046508466
326,68.4427302237525,92.51245050000023,69.05834354704467,93.66057599999999,97.1325202492914,94,86.2223056,85.47,99.55354241840466,86.58326907121662
327,76.58450485474337,84.47999999999999,69.05834354704467,94.04531874999999,97.1325202492914,94,93.1868896,85.47,94.46635932984353,86.90140377008365
328,62.32940584219643,91.94749450000006,69.05834354704467,93.58381099,94.44170660639645,94,88.246839775,85.47,98.45190635376278,85.06457249313281
329,96.75351456423012,86.24000000000001,43.283734664856375,92.59143324,97.1325202492914,94,89.81038360000001,85.47,94.58859685263499,85.73885513601267
330,66.5,87.52000000000001,69.05834354704467,93.04816896,94.44170660639645,94,87.48919360000001,85.47,96.0219528792179,84.91846417140628
331,56.29462654437464,89.86236250000002,69.05834354704467,93.89123810999999,97.1325202492914,94,88.7332591,85.47,92.91991953041557,83.02392591591986
332,96.75351456423012,91.94749450000006,61.04912732152012,92.97189339,94.44170660639645,94,88.68679,85.47,97.89717048808728,89.64205767052825
333,76.58450485474337,83.52000000000001,69.05834354704467,95.05280796,94.44170660639645,94,83.997242775,85.47,93.59978758961289,85.78005075959143
334,64.88305358424546,91.37731450000001,69.05834354704467,94.81939275,97.1325202492914,94,89.15284,85.47,99.31967976405163,86.06623330152922
335,76.58450485474337,92.51845000000014,61.04912732152012,95.991975,94.44170660639645,94,92.81804297500001,85.47,98.0723795126874,87.23841669739748
336,73.33801941897349,87.4973715299999,69.05834354704467,95.75635731,94.44170660639645,94,93.2361975,85.47,93.15914076205154,86.41447861050827
337,86.66900970948674,91.7426905000001,69.05834354704467,87.06807099,79.79190629637895,94,67.40791,80.17,87.08539233609076,83.17883858120544
338,86.66900970948674,89.54879200000005,53.96880022441068,83.78216704,75.43227031038737,94,74.81929749999999,73.55766,97.1447000013246,81.77814459153805
339,96.75351456423012,26.639999999999986,13.639628641649324,78.37289436,65.54703094359962,94,50.581634582428165,80.17,50.0,53.486518505585785
340,86.66900970948674,39.329999999999984,53.96880022441068,87.06807099,88.03629339120653,94,63.82264000000001,84.8452,96.77454442116563,75.3864224784502
341,100.0,56.65960627217707,69.05834354704467,90.48912156,89.28164110839506,94,97.56629406775,84.8452,89.16813801992465,84.59270190469951
342,96.75351456423012,50.5009195700097,51.76380876063064,89.45595263999999,84.40350905802433,94,62.57959,84.53435200000001,79.78564722829526,75.85125939117172
343,86.66900970948674,92.49664200000018,61.04912732152012,90.26671875,84.40350905802433,94,56.291759541315706,83.17220800000001,99.21153507147037,83.89453119392651
344,53.41392801394582,92.15987200000018,61.04912732152012,84.33192575999999,79.79190629637895,94,40.11870793212976,84.694128,99.44632018456127,75.10262544469211
345,96.75351456423012,32.309999999999974,69.05834354704467,91.08488764,79.79190629637895,94,51.65858297664244,84.365872,50.0,67.03706765972153
346,96.75351456423012,25.829999999999984,48.14661825589101,93.35388304,86.80831644495646,94,67.2605775,84.694128,50.0,65.01561718709665
347,73.33801941897349,91.50686250000012,69.05834354704467,87.64083339,84.40350905802433,94,60.96616,83.604912,90.78476144643439,81.80178321502443
348,96.75351456423012,82.72,61.04912732152012,86.49922411,79.79190629637895,94,53.620430285379875,77.45442,97.83702249775841,82.33733021395832
349,52.0037710708613,91.24001050000015,10.02390253621308,84.26299179,73.34260784157883,94,82.796734375,80.23782,97.18271543428048,64.98674386987898
350,63.53544905400912,90.25331050000011,69.05834354704467,92.74343376,86.80831644495646,94,60.8565775,85.121232,91.14323129117918,80.7658242694822
351,80.76995253112142,91.79679999999996,69.05834354704467,89.60281404,73.34260784157883,94,43.71689136430326,82.9428,95.6530114483623,80.5567593897741
352,80.76995253112142,38.78999999999999,29.025276355720763,86.21626899,79.79190629637895,94,54.85089794421555,69.10422,50.0,60.14493246798455
353,80.76995253112142,35.28000000000003,53.96880022441068,95.991975,84.40350905802433,94,68.30776,84.365872,50.0,66.50485581603503
354,76.58450485474337,45.011659014456455,61.04912732152012,89.52935275,97.95461603032871,94,78.8406831,78.28944,97.7911524722247,78.12447581485283
355,40.94093349140904,81.44,35.355694315978425,93.35388304,82.06532084774574,94,53.7945067799931,73.00098,98.39072870669553,68.8715188768503
356,96.75351456423012,81.28,48.14661825589101,87.78463579,84.40350905802433,94,84.4535376,82.9428,91.80789699579006,83.35212018416749
357,96.75351456423012,14.733450000000062,39.0713132937054,81.75544443999999,79.79190629637895,94,46.948016490757894,84.00280000000001,50.0,56.55753425781678
358,86.66900970948674,84.96000000000001,35.355694315978425,87.92868290999999,82.06532084774574,94,79.2375751,83.80820800000001,50.0,71.5773113766457
359,76.58450485474337,92.47180000000003,61.04912732152012,92.89567899999999,94.44170660639645,94,82.41588497500001,85.47,88.76921158728723,84.67778537370381
360,96.75351456423012,91.01951200000008,61.04912732152012,88.434775,75.43227031038737,94,74.09859750000001,81.093232,98.71888086967695,85.62419773723445
361,96.75351456423012,12.11999999999989,61.04912732152012,87.92868290999999,75.43227031038737,94,49.607466540564026,81.938128,50.0,58.00526036172874
362,55.65219583056269,88.37752200000011,69.05834354704467,93.20090364,77.58147101163756,94,64.341,84.188688,99.51256307948566,79.59286677987048
363,49.32015861133877,91.01951200000008,53.96880022441068,82.96487056,84.40350905802433,94,79.8385756,81.938128,74.05272786359868,73.65126861430808
364,45.040876364041075,88.12000000000012,61.04912732152012,89.38261371,79.79190629637895,94,54.14435700017537,85.47,92.22107404411571,74.11436059060588
365,96.75351456423012,91.8392980000001,61.04912732152012,88.434775,86.80831644495646,94,67.114,82.704688,80.39560583464976,83.4160391856506
366,96.75351456423012,87.68,61.04912732152012,90.19270684,89.28164110839506,94,84.91316197500001,84.188688,98.46727770953004,88.03798542793521
367,96.75351456423012,42.84,13.639628641649324,80.828484,75.43227031038737,94,57.33279,73.83600000000001,50.0,57.80105280737654
368,80.76995253112142,89.21777050000014,69.05834354704467,90.48912156,79.79190629637895,94,45.010930374812794,85.47,93.64568462076521,81.13252956706174
369,45.48195841088793,42.84,53.96880022441068,86.00469503999999,79.79190629637895,94,52.24794487281279,79.12446,79.254485336117,64.68706148085832
370,63.53544905400912,81.28,69.05834354704467,90.04486655999999,84.40350905802433,94,52.07887297981446,84.987568,95.18800181969372,78.88730873560993
371,89.91549514525663,86.4,61.04912732152012,89.897271,91.82543522846287,94,66.53524,84.694128,91.20758374528548,84.38906513236206
372,96.75351456423012,44.190000000000026,61.04912732152012,88.87095423999999,69.33534586108487,94,38.77633576092034,80.17,86.23202309298294,72.21227491197192
373,52.92209467045358,90.34620000000007,69.05834354704467,87.71270399999999,93.64909333607295,94,57.01375,84.8452,96.56044069715469,79.09156532208672
374,86.66900970948674,86.88,61.04912732152012,86.07515851000001,79.79190629637895,94,64.341,84.00280000000001,95.24422520124767,82.78267345065454
375,96.75351456423012,42.30000000000001,61.04912732152012,87.64083339,96.04711513162293,94,73.7427775,82.20235199999999,96.93916045509008,79.74874224066262
376,52.92209467045358,45.53259965855287,61.04912732152012,63.23521411,86.80831644495646,94,63.69493750000001,83.392912,86.23270499399345,68.3061767410607
377,96.75351456423012,25.829999999999984,61.04912732152012,88.434775,79.79190629637895,94,79.457152975,81.093232,50.0,66.31292332540393
378,84.0164379668913,91.79679999999996,69.05834354704467,89.82356499,93.12438355689208,94,88.431749775,85.362448,92.28928947920103,87.49423604974231
379,80.76995253112142,39.60000000000002,32.03195988088193,88.21751131,79.79190629637895,94,84.84729750000001,83.80820800000001,92.5386560232686,71.26270521996479
380,96.75351456423012,36.629999999999995,69.05834354704467,92.81952579,91.82543522846287,94,75.55207750000001,82.704688,91.98203032344583,78.93992500655118
381,96.75351456423012,92.51936250000017,61.04912732152012,93.58381099,84.40350905802433,94,60.6396775,85.121232,98.85336485887812,86.21978051096698
382,86.66900970948674,91.24001050000015,61.04912732152012,92.97189339,86.80831644495646,94,80.20243749999999,84.987568,98.26630889746576,86.66945657797687
383,76.58450485474337,92.43573450000002,69.05834354704467,89.5220099859,89.28164110839506,94,82.81796440000001,85.121232,98.42679755571258,86.43861317489889
384,60.43716719632174,89.75791299999992,69.05834354704467,90.86101651000001,86.80831644495646,94,82.121359975,74.39268000000001,95.48939956553227,81.65145397841094
385,96.75351456423012,82.24000000000001,48.14661825589101,88.36229259000001,82.06532084774574,94,59.8022775,83.17220800000001,87.95698217550189,80.45140710737257
386,80.76995253112142,43.64999999999998,61.04912732152012,81.88884623999999,86.80831644495646,94,67.5559975,83.80820800000001,88.8776117802186,75.07159879043122
387,100.0,71.32176536499281,69.05834354704467,90.34079184000001,89.28164110839506,94,86.784954975,82.582368,88.5838237388116,85.8543789014088
388,73.33801941897349,91.62865450000004,69.05834354704467,89.162964,86.80831644495646,94,90.2836816,84.53435200000001,95.60434019351078,85.6337002443944
389,89.91549514525663,83.19999999999999,61.04912732152012,88.36229259000001,96.86002442222777,94,85.6421559,83.80820800000001,95.08408879578958,86.57014252385117
390,96.75351456423012,56.65960627217707,69.05834354704467,89.97103819,96.31732400500478,94,75.1841775,84.188688,88.48297717925384,82.85801463062396
391,76.58450485474337,89.75977800000021,21.417505762758182,86.00469503999999,86.80831644495646,94,73.3899775,79.68114,94.8627878757335,74.4997227294544
392,96.75351456423012,52.27470203899245,35.355694315978425,82.156384,73.34260784157883,94,54.05668171769108,82.457872,50.0,65.30627464090443
393,96.75351456423012,90.52616200000011,43.283734664856375,87.42558864,82.06532084774574,94,79.91922240000001,80.486448,77.80650998469889,80.4138058488236
394,80.76995253112142,44.190000000000026,61.04912732152012,90.63769599999999,77.58147101163756,94,65.68975,84.365872,75.8674888183092,72.98210673042588
395,44.21671325028175,44.46000000000001,19.241035940969354,93.66057599999999,67.41458344187637,94,37.78380446452047,81.093232,94.3669864722401,58.208129053548625
396,86.66900970948674,41.48999999999998,53.96880022441068,90.71207499,91.82543522846287,94,81.9328039,85.47,50.0,69.80222738514968
397,76.58450485474337,90.34620000000007,39.0713132937054,90.11875611,91.82543522846287,94,81.619902775,85.47,98.68097583099842,81.67989938356953
398,63.53544905400912,82.88,61.04912732152012,86.78315811,79.79190629637895,94,51.15870980112658,82.704688,91.33788024223747,76.56198413773608
399,68.03287593378262,83.19999999999999,53.96880022441068,85.86395164,89.28164110839506,94,60.0070975,83.80820800000001,88.15422613112865,77.82470020540075
400,96.75351456423012,88.12000000000012,69.05834354704467,90.26671875,87.29743831415058,94,66.549561775,85.47,79.48378153862564,84.25396124192207
401,86.66900970948674,43.109999999999985,48.14661825589101,84.60827344,77.58147101163756,94,63.31636,81.383568,75.65693703499963,70.87350123542356
402,96.75351456423012,35.28000000000003,69.05834354704467,89.67633651,90.29059124750223,94,86.334457975,81.383568,84.0975674555657,77.72679018180037
403,96.75351456423012,52.87970122245722,69.05834354704467,90.78651516,84.40350905802433,94,67.114,83.604912,85.69710687007073,79.95490621391588
404,100.0,91.79679999999996,69.05834354704467,92.21250259,97.95461603032871,94,92.4508951,84.8452,97.63062275020764,91.65325212470329
405,100.0,42.30000000000001,53.96880022441068,83.98786771,89.28164110839506,94,59.500710000000005,85.47,82.09858285807664,75.01182094081193
406,51.16130900798409,91.89920200000006,48.14661825589101,86.92549219,77.58147101163756,94,53.10157333625681,85.47,95.15489893200025,74.0091677245968
407,73.33801941897349,90.94213450000018,69.05834354704467,93.58381099,82.06532084774574,94,48.18127969258104,85.47,98.09986699402839,81.7298362183449
408,35.53215429438666,91.79679999999996,39.0713132937054,84.67751331,71.31083424732728,94,67.2605775,85.47,85.42825183494864,67.89873536340176
409,28.256277963019812,92.48519050000016,69.05834354704467,93.12450571000001,75.43227031038737,94,86.830170775,85.47,83.01287961406337,71.67800411217006
410,53.9302593342417,91.88989449999997,69.05834354704467,95.991975,89.28164110839506,94,93.55743497499999,85.47,98.95661719108192,83.43688858991551
411,16.58434438412609,80.91168696999989,69.05834354704467,91.91045931000001,89.28164110839506,94,89.83397677500001,85.47,58.61112938896447,62.50865721614825
412,50.38371317298132,85.4153369999998,69.05834354704467,90.63769599999999,82.06532084774574,94,82.966785975,85.47,82.80105305473859,77.55907422014184
413,29.068770352378962,92.03826249999997,69.05834354704467,91.45922979,84.40350905802433,94,91.2874375,85.47,79.26768762424413,72.34487050630091
414,42.761177500853336,66.85887076000006,69.05834354704467,96.46486224,89.28164110839506,94,81.661524775,85.47,88.25548231383968,75.28468680776795
415,33.28160510945003,85.89609471999995,69.05834354704467,94.89713664,86.80831644495646,94,90.165073975,85.47,58.70756705844542,69.95994396043356
416,18.344017603646314,76.31787651999991,69.05834354704467,91.45922979,77.58147101163756,94,80.999196775,85.47,30.172717824328622,55.021228726842445
417,24.19234551366284,82.3137901199998,69.05834354704467,93.66057599999999,82.06532084774574,94,85.442523975,85.47,41.83396593649293,61.937463714444725
418,32.26509738195843,92.25800800000002,69.05834354704467,91.384239,82.06532084774574,94,48.33769821123568,85.47,66.10419904394281,67.54214451188821
419,39.09337777500303,92.28921450000001,48.14661825589101,91.75980475,86.80831644495646,94,77.687446975,85.47,98.0901092972151,74.93311563461204
420,66.5,78.84024227999976,69.05834354704467,74.79521423999999,91.82543522846287,94,92.69547159999999,85.47,75.52515138158446,78.9107975874273
421,30.569113150832845,82.3137901199998,69.05834354704467,90.34079184000001,79.79190629637895,94,78.01704000000001,85.47,31.316944631145716,60.23800239937557
422,86.66900970948674,91.54169999999976,69.05834354704467,97.576831,86.80831644495646,94,90.5214631,85.47,95.33842582036333,88.64614110394203
423,48.989575392436635,67.34476225000009,69.05834354704467,91.45922979,84.40350905802433,94,80.5687456,85.47,95.39809099974646,76.99550756862855
424,50.01642072870603,92.51845000000014,69.05834354704467,90.48912156,86.80831644495646,94,96.839986975,85.47,82.71715379457746,79.61321971346551
425,15.24800511905088,76.9639679999998,69.05834354704467,93.35388304,82.06532084774574,94,78.40759,85.47,27.374540842137023,52.959364309681234
426,17.214505645918727,53.659602250000034,69.05834354704467,87.56902396000001,75.43227031038737,94,67.70484,85.47,30.70607298616145,51.284939548824546
427,41.362344895298165,88.97206468000002,69.05834354704467,95.67794044,82.06532084774574,94,93.063751975,85.47,90.63531153901721,77.96880309984219
428,36.1319323896237,83.91106367999998,69.05834354704467,82.02249276,82.06532084774574,94,85.9092831,85.47,91.27564497179505,74.32146963350792
429,38.87440187235018,85.89609471999995,69.05834354704467,93.58381099,84.40350905802433,94,82.2684375,85.47,97.11647036620069,77.11172879032576
430,35.2481784858583,79.14391296999986,69.05834354704467,93.58381099,82.06532084774574,94,83.565771775,85.47,37.89918204195138,64.02144731044034
431,61.23916860831322,65.89323664000005,69.05834354704467,91.91045931000001,89.28164110839506,94,90.831707775,85.47,84.02914034280437,78.94408330410684
432,29.71224125293726,76.31787651999991,69.05834354704467,93.43046451,79.79190629637895,94,78.270553975,85.47,89.6556944303971,71.33551641211747
433,30.272099609340675,78.84024227999976,69.05834354704467,88.94386491,73.34260784157883,94,57.33279,85.47,52.85690605310552,63.18186032730981
434,25.148819799101673,63.98656384000003,69.05834354704467,90.63769599999999,91.82543522846287,94,92.81804297500001,85.47,29.581600108117485,57.82281806788282
435,17.938487860299553,88.97206468000002,61.04912732152012,93.89123810999999,84.40350905802433,94,82.6906975,85.47,95.14233672901261,67.9239260100476
436,17.56325586842958,82.03853617000004,69.05834354704467,93.20090364,75.43227031038737,94,82.331583975,85.47,40.086010851302404,57.890090775866675
437,16.658717090719897,83.65130977000001,69.05834354704467,92.81952579,82.06532084774574,94,73.3899775,85.47,42.70079347123355,58.120241806732984
438,46.9440975923338,87.27636771999994,69.05834354704467,92.81952579,77.58147101163756,94,82.90296,85.47,89.73150461547932,77.7410185237805
439,50.01642072870603,80.62351631999991,61.04912732152012,91.91045931000001,84.40350905802433,94,89.5748671,85.47,76.65042403722177,75.78496259834154
440,44.21671325028175,83.12405192999995,69.05834354704467,93.35388304,86.80831644495646,94,88.570749375,85.47,58.67079671001338,72.48848209075766
441,24.19234551366284,72.22432707999997,69.05834354704467,95.52129024,84.40350905802433,94,88.0393936,85.47,34.6564292657436,59.47804627467569
442,50.38371317298132,92.50615449999998,53.96880022441068,91.15963371,82.06532084774574,94,84.84729750000001,85.47,95.52729315001898,78.46303350383793
443,10.37164216016864,78.5339882500001,69.05834354704467,92.66740290999999,82.06532084774574,94,80.81431,85.47,40.60185938772821,53.66907116992454
444,25.502410353664708,82.03853617000004,69.05834354704467,95.991975,94.44170660639645,94,87.21572440000001,85.47,34.6764579801707,61.552003406579445
445,50.38371317298132,88.56364047999989,61.04912732152012,88.87095423999999,79.79190629637895,94,87.0793975,85.47,91.0276835946545,78.12042615583253
446,47.485844068387266,45.56097225000008,69.05834354704467,94.74171003999999,89.28164110839506,94,88.849563975,85.47,46.411286160763176,65.8027516564249
447,6.559903831051585,74.9946934799998,69.05834354704467,86.286916,67.41458344187637,94,54.85089794421555,85.47,43.61214503742727,47.60533526713856
448,96.75351456423012,92.47180000000003,61.04912732152012,89.01683676,82.06532084774574,94,86.11034197500001,84.8452,88.05090587202903,86.24112283846085
449,24.19234551366284,84.16823424999984,69.05834354704467,92.59143324,79.79190629637895,94,78.86045597500001,85.47,49.85682112431213,63.32334771020119
450,46.431322666584876,56.24906161000001,69.05834354704467,92.7738632304,86.80831644495646,94,91.8185296,85.47,75.34486622831756,72.86974284799203
451,27.334570340888934,75.99095576999991,69.05834354704467,91.75980475,86.80831644495646,94,80.40564,85.47,60.53411929422356,66.44496932630877
452,47.485844068387266,90.85918527999979,69.05834354704467,94.97494171000001,91.82543522846287,94,87.238471975,85.47,99.40961055989078,81.49764376178089
453,46.9440975923338,91.94749450000006,69.05834354704467,83.91923964,84.40350905802433,94,80.222723775,84.188688,97.13330993928984,78.85608762258272
454,32.26509738195843,92.37119999999999,61.04912732152012,87.56902396000001,90.54460532074674,94,85.575543975,85.47,91.8130512020707,74.26825140492046
455,53.9302593342417,91.24001050000015,69.05834354704467,91.384239,91.82543522846287,94,87.147526975,85.47,98.37256341460949,82.63595030829724
456,60.43716719632174,39.60000000000002,69.05834354704467,84.67751331,84.40350905802433,94,77.0538775,85.47,91.63453675569929,73.21583445168298
457,56.978112688664645,44.190000000000026,43.283734664856375,94.74171003999999,79.79190629637895,94,85.509,85.47,80.59684360296932,69.62584219296906
458,73.33801941897349,80.32,69.05834354704467,95.91337459,89.28164110839506,94,87.76375,85.47,79.0703034934401,82.32833724688179
459,25.95386490693601,90.15848200000005,48.14661825589101,90.41492611,69.33534586108487,94,56.10960205418344,85.47,99.05465264922624,66.95557495976757
460,22.86665537865161,89.75791299999992,69.05834354704467,90.41492611,82.06532084774574,94,87.83255897500001,85.47,78.12062717355016,68.91777053591366
461,28.478956573794047,83.84,53.96880022441068,90.04486655999999,77.58147101163756,94,90.73611197500001,85.47,78.27185835856233,68.71032317044879
462,47.485844068387266,39.60000000000002,69.05834354704467,91.30930939000001,84.40350905802433,94,82.90296,85.47,50.0,64.56328268995728
463,76.58450485474337,88.7492625000001,61.04912732152012,89.897271,86.80831644495646,94,88.45489750000002,85.47,93.40988428873072,84.48158456032952
464,37.39088003675957,85.91999999999999,61.04912732152012,93.20090364,84.40350905802433,94,85.133200975,85.47,89.88300927115952,74.91058096926633
465,46.184916645177225,39.870000000000005,53.96880022441068,94.04531874999999,82.06532084774574,94,83.35116877499999,85.47,50.0,62.81628562110685
466,40.02972,66.56371075086359,61.04912732152012,91.68456923999999,84.40350905802433,94,86.4467991,85.47,79.1444374360803,71.79740859999336
467,61.23916860831322,33.120000000000005,53.96880022441068,96.46486224,82.06532084774574,94,84.21411077500001,85.47,77.04878095482994,69.2103814599507
468,45.710513984393074,92.23125000000005,69.05834354704467,79.58964619,82.06532084774574,94,87.283989775,85.47,98.34892357534537,78.72533367601565
469,15.835961669616523,90.34620000000007,39.0713132937054,87.28239804,75.43227031038737,94,63.44179750000001,82.20235199999999,93.07018645307217,60.965115576612426
470,62.32940584219643,92.26403049999999,69.05834354704467,91.83510144,84.40350905802433,94,91.4801391,85.47,95.97127240674855,83.86763871909997
471,24.495366881827145,90.25331050000011,61.04912732152012,91.15963371,84.40350905802433,94,75.36775000000002,85.47,96.3990097360569,70.71759550596575
472,64.88305358424546,92.52481449999993,69.05834354704467,91.23444096,89.28164110839506,94,92.134074375,85.47,95.4380761366212,84.79077042431193
473,61.23916860831322,92.32377450000024,61.04912732152012,90.86101651000001,38.402770102686006,94,88.0854399,85.47,91.78452765424503,75.48401677789862
474,46.9440975923338,63.56935695928578,39.0713132937054,91.08488764,84.40350905802433,94,82.2684375,85.47,84.20215324445383,70.35174214995952
475,39.548853414164945,43.64999999999998,53.96880022441068,92.36389131,79.79190629637895,94,77.764801975,85.47,79.76425695684833,66.4900285273318
476,47.21115919911277,92.37119999999999,69.05834354704467,87.64083339,79.79190629637895,94,87.0793975,85.47,85.70847600232105,77.80802573056398
477,28.826875503212644,86.4,61.04912732152012,65.99273104,97.95461603032871,94,78.623679775,85.47,87.86140363168106,69.97117486180699
478,61.23916860831322,39.059999999999974,48.14661825589101,92.28816636,86.80831644495646,94,71.67127750000002,74.94936000000001,95.76170673755509,70.82947553524468
479,23.109735592156245,92.52251050000018,48.14661825589101,90.56337819,79.79190629637895,94,88.5475639,85.47,97.21560338564073,69.21716171112395
480,68.4427302237525,88.7492625000001,61.04912732152012,95.208724,86.80831644495646,94,86.46928997500001,85.47,78.73941612958836,81.00841379278461
481,45.040876364041075,84.47999999999999,69.05834354704467,87.85662875999999,89.28164110839506,94,89.4808719,85.47,85.33034653870337,77.43025221069725
482,43.10389842853081,85.12,69.05834354704467,91.45922979,89.28164110839506,94,83.75956000000001,85.47,84.65018001754497,76.78903958201688
483,36.779374617659656,91.7426905000001,61.04912732152012,94.27689855999999,53.84522647651271,94,91.04724,85.47,97.02982158368613,73.42526748808118
484,44.25622887715529,92.03005000000013,69.05834354704467,91.53428176,94.44170660639645,94,91.215298975,85.47,86.69753753008251,79.12041233889659
485,49.32015861133877,87.19999999999999,61.04912732152012,84.33192575999999,91.82543522846287,94,95.99463999999999,85.47,79.75992287446005,77.27164164028402
486,32.65564272371911,40.140000000000015,43.283734664856375,84.53909475,73.34260784157883,94,66.82311,81.938128,76.2115468633229,60.07948778909978
487,50.38371317298132,92.51936250000017,61.04912732152012,85.30342524,82.06532084774574,94,73.92031,85.47,96.5263654952097,78.18452425233431
488,30.569113150832845,92.28921450000001,61.04912732152012,92.06135859,84.40350905802433,94,86.694613975,85.47,93.46861195607119,73.81297505299973
489,24.495366881827145,91.54169999999976,61.04912732152012,92.51552475000001,94.44170660639645,94,55.02896910085676,85.121232,98.6220759666355,70.21039086407819
490,49.32015861133877,92.43920200000002,48.14661825589101,86.49922411,5.354557158314712,94,71.17039,85.47,93.00822900233265,57.461509576519255
491,70.68544767637805,92.37576250000006,69.05834354704467,88.07297475,91.82543522846287,94,91.215298975,85.47,98.89175496238425,86.25994142598246
492,34.973912256651445,90.13533711999992,61.04912732152012,89.9193947331,89.28164110839506,94,88.68679,85.47,90.84783225028207,75.12398480095739
493,23.62723192253044,91.67587449999996,53.96880022441068,86.57011584,82.06532084774574,94,80.20243749999999,85.47,92.97127304164027,68.97024308984703
494,68.4427302237525,75.54560740168097,53.96880022441068,91.15963371,82.06532084774574,94,78.6039975,85.47,79.7810189114231,77.28782509064456
495,86.66900970948674,91.68664200000012,69.05834354704467,89.45595263999999,89.28164110839506,94,88.77975839999999,85.47,98.48276636349016,88.49307754402699
496,41.804774199407234,88.24973050000006,48.14661825589101,88.72531644,75.43227031038737,94,44.43113922405551,85.47,92.01475364913942,69.98664716524945
497,44.57857370782422,89.75791299999992,61.04912732152012,90.11875611,84.40350905802433,94,75.00136,85.47,17.82607030690023,57.938338580272514
498,80.76995253112142,87.4973715299999,69.05834354704467,87.92868290999999,86.80831644495646,94,85.3761159,85.47,98.08901032463844,86.34912356902588
499,50.38371317298132,33.390000000000015,48.14661825589101,93.43046451,86.80831644495646,94,82.98807640000001,85.47,50.0,61.878973007107064
500,22.633034365904177,91.16845,48.14661825589101,88.36229259000001,90.54460532074674,94,91.2874375,85.47,94.30727505237809,69.39461117347685
501,38.76698410945067,92.23125000000005,69.05834354704467,84.53909474999999,50.760449942102134,94,86.559328975,82.20235199999999,94.80130388178364,72.90908757382209
502,41.50739067188913,65.04930660088779,69.05834354704467,88.14521244000001,89.28164110839506,94,89.036044375,85.47,87.78330599182469,74.47813951974274
503,27.239428095379235,92.23125000000005,53.96880022441068,85.16390544,80.46723716763427,94,89.4808719,85.47,97.35162603060732,71.43013243042006
504,35.53215429438666,83.19999999999999,69.05834354704467,87.06807099,86.80831644495646,94,88.803019375,85.47,89.04144863634173,74.80565819784927
505,48.360003323394096,84.80000000000001,61.35089858836385,81.22428443999999,84.40350905802433,94,85.309775775,85.246192,86.52272375176199,76.21246393945135
506,37.85693123046042,48.78732499544923,61.04912732152012,93.35388304,84.40350905802433,94,77.9392924,85.47,50.0,63.03172399776448
507,41.774585514485366,91.16845,53.96880022441068,89.30933595999998,79.79190629637895,94,88.75650497500001,85.47,96.11882188873261,76.13938229565997
508,38.14952469862845,92.51936250000017,69.05834354704467,90.86101651000001,86.80831644495646,94,95.056603975,82.9428,87.67513688676011,76.93597376553731
509,76.58450485474337,86.4,43.283734664856375,82.22342139,89.28164110839506,94,69.86791000000001,85.47,85.64214683773992,78.19302477920678
510,45.80351020766198,90.34620000000007,43.283734664856375,85.09423731000001,94.97383884852434,94,72.17896,85.47,97.70514605067473,75.34311709131258
511,50.01642072870603,81.6,61.04912732152012,86.49922411,93.12438355689208,94,82.289478775,84.00280000000001,86.68632970671524,77.15794542546016
512,33.28160510945003,91.89920200000006,69.05834354704467,87.85662875999999,86.80831644495646,94,81.3915216,85.47,96.91791675905047,75.59205603278335
513,28.5930202445342,92.31848200000013,69.05834354704467,85.86395164000001,84.40350905802433,94,94.9306351,85.47,91.59240903988359,73.75286592134589
514,31.89369577021627,92.41999450000026,61.04912732152012,67.78444299,79.79190629637895,94,79.19775,85.121232,97.44079379761054,71.61817601312914
515,59.33298193148171,90.5024278799998,69.05834354704467,90.63769599999999,84.40350905802433,94,89.223007975,85.47,89.6492178738376,81.82973448183648
516,59.6889655517562,91.16845,48.14661825589101,86.07515851000001,86.80831644495646,94,81.80743960000001,85.47,91.0025731021764,78.53918344465849
517,24.8137011303305,88.50337450000006,53.96880022441068,84.05655696,55.37937357332043,94,51.40803881923009,85.47,99.46388366575975,64.74237639354536
518,30.722273213649895,64.30507438193241,53.96880022441068,91.98587836,79.79190629637895,94,88.9194375,85.47,85.7868426965771,68.60390587252874
519,43.35172469317248,50.5009195700097,61.04912732152012,91.91045931000001,86.80831644495646,94,75.9229975,85.47,79.34006552300784,69.8085999463644
520,50.76499690676624,54.11078642790172,61.04912732152012,88.79810475,84.40350905802433,94,86.40184,84.694128,74.74528726357721,71.58882254019889
521,25.148819799101673,91.0949505000001,53.96880022441068,87.21089451,75.43227031038737,94,77.5523664,85.47,96.50193649234639,69.2852258586111
522,22.962713813060052,92.37119999999999,69.05834354704467,90.11875611,89.28164110839506,94,89.31667097500001,85.47,98.38605568127299,72.64879423783425
523,38.2493582514051,92.51845000000014,61.04912732152012,88.72531644,89.03117015826435,94,74.76482597500001,85.47,95.39311929657697,75.84719093249555
524,40.02972,86.88,61.04912732152012,86.00469503999999,77.58147101163756,94,76.10959,85.47,97.83865347646032,74.95205334142341
525,28.946786417094255,29.610000000000014,2.0,70.64027855999998,56.95723127306655,94,35.75821945338373,78.84612,50.0,35.36111676417677
526,73.93193311214793,90.34620000000007,69.05834354704467,89.30933595999998,79.79190629637895,94,92.03684777500001,85.47,88.32389975259476,83.95552904528206
527,25.575511291301318,50.5009195700097,26.280389353792813,72.62042491,63.91050902806954,94,50.01106882828293,84.188688,77.56858431925636,54.038193423126124
528,68.4427302237525,21.510000000000048,69.05834354704467,94.27689855999999,89.28164110839506,94,85.509,85.47,50.0,64.10590528533494
529,56.29462654437464,91.20560932000001,69.05834354704467,84.88560000000001,89.28164110839506,94,86.96599937500001,85.47,96.754943889233,82.07750397927151
530,41.362344895298165,92.50451199999998,69.05834354704467,88.72531644,89.28164110839506,94,96.173268975,85.47,88.64458800290035,78.31338944848443
531,37.30071340636531,91.94749450000006,69.05834354704467,87.71270399999999,97.95461603032871,94,91.7700975,85.47,93.60950605014591,78.1107997142066
532,53.41392801394582,91.56872799999996,69.05834354704467,93.20090364,97.1325202492914,94,96.377869375,85.47,93.79569128472977,83.17735223316826
533,71.6892156595224,42.30000000000001,69.05834354704467,89.01683676,91.82543522846287,94,84.040555975,85.47,95.11500978624716,77.76127702225008
534,55.65219583056269,92.41999450000026,69.05834354704467,94.04531874999999,91.82543522846287,94,95.7909456,85.47,95.20260429829706,83.56030783259746
535,70.68544767637805,86.59785624999995,69.05834354704467,94.431591,94.44170660639645,94,94.9306351,85.47,47.94479160898019,76.67018734736716
536,62.32940584219643,91.94749450000006,69.05834354704467,91.53428176,94.44170660639645,94,94.253664775,85.47,86.44691490007565,83.45920976437988
537,34.4521683381038,90.85918527999979,69.05834354704467,90.34079184000001,89.28164110839506,94,95.15751497500001,85.47,77.87179291726284,74.44592401953987
538,96.75351456423012,91.7426905000001,69.05834354704467,90.78651516,94.44170660639645,94,94.981,85.47,92.49012892350085,90.13713671141761
539,53.9302593342417,82.24000000000001,69.05834354704467,78.2461,94.44170660639645,94,91.52839,85.47,94.79965080558866,80.39121820876555
540,55.65219583056269,87.52000000000001,69.05834354704467,92.97189339,91.82543522846287,94,93.2361975,85.47,94.27613774339454,82.60403356596431
541,29.068770352378962,88.62728800000002,69.05834354704467,95.36488476,91.82543522846287,94,87.649219375,85.47,97.40875942646815,75.28669740475058
542,86.66900970948674,86.24000000000001,69.05834354704467,95.28677379,91.82543522846287,94,91.31149877499999,85.47,93.44435116083088,88.06021486256437
543,62.32940584219643,57.31535397026129,69.05834354704467,93.66057599999999,86.80831644495646,94,93.7805776,85.47,96.07728208683909,79.76315637154053
544,96.75351456423012,42.56999999999999,69.05834354704467,97.49700698999999,94.44170660639645,94,94.47871,85.47,92.90492263425767,82.81914805325891
545,50.38371317298132,92.34581049999997,69.05834354704467,87.56902396000001,91.82543522846287,94,89.269824375,83.17220800000001,64.67545882839494,75.93459690941032
546,25.876419924596526,92.51372800000001,69.05834354704467,91.60939490999999,94.44170660639645,94,88.68679,83.80820800000001,92.86806225048836,73.62987785678988
547,96.75351456423012,90.06171450000011,69.05834354704467,92.81952579,91.82543522846287,94,96.53163677500001,85.47,99.01138041910284,91.04888094803758
548,21.982759345477923,88.24973050000006,69.05834354704467,94.27689855999999,91.82543522846287,94,92.377669375,85.246192,97.46883534331795,72.37285543509068
549,73.33801941897349,92.51936250000017,69.05834354704467,89.01683676,94.44170660639645,94,95.5877344,85.47,96.91454285109133,87.11815781673934
550,68.4427302237525,92.25800800000002,69.05834354704467,93.27736275,91.82543522846287,94,96.020135775,85.47,94.429737563925,86.00238372388834
551,57.70790534526126,89.75791299999992,43.283734664856375,94.50902898999999,94.44170660639645,94,92.98996,85.47,98.90248106157769,80.49486933574168
552,68.4427302237525,59.32848503681626,69.05834354704467,94.35421419000001,97.1325202492914,94,91.3355676,84.987568,93.34106312922596,81.59239474122215
553,60.245345562976965,92.37119999999999,69.05834354704467,92.1369,94.44170660639645,94,94.2286975,85.47,85.93495423652502,83.04924419234563
554,63.53544905400912,36.89999999999998,35.355694315978425,89.38261371,97.95461603032871,94,90.070323775,82.704688,91.63323572477465,70.50177634643558
555,68.4427302237525,42.84,69.05834354704467,94.19964411000001,94.44170660639645,94,91.8669919,82.9428,93.41574727891147,78.12737180446013
556,40.804817719610156,92.49463450000019,69.05834354704467,92.66740290999999,94.44170660639645,94,96.27550877499999,85.47,90.49430282931316,79.22024053735652
557,86.66900970948674,92.37576250000006,69.05834354704467,95.67794044,94.44170660639645,94,91.215298975,85.47,96.39529605632755,89.5402926035429
558,86.66900970948674,86.24000000000001,39.0713132937054,83.78216704,79.79190629637895,94,94.503752775,85.47,91.82543293560359,80.95785301956595
559,96.75351456423012,90.34620000000007,69.05834354704467,92.74343376,91.82543522846287,94,93.162246975,85.47,95.61242080855261,90.27966589587513
560,56.978112688664645,81.75999999999999,48.14661825589101,96.62298075999999,46.78892351374837,94,95.107044375,85.47,97.70059262061227,74.99588981976488
561,43.792854896413225,87.71579199999996,69.05834354704467,93.50710715999999,94.44170660639645,94,92.1097564,85.47,37.3788548881277,68.2733220003973
562,96.75351456423012,88.7492625000001,69.05834354704467,86.07515851000001,97.1325202492914,94,96.4034784,85.47,88.50852852547249,88.99147720332792
563,60.245345562976965,92.51845000000014,69.05834354704467,89.30933596,75.43227031038737,94,89.7160864,85.47,99.43927112991268,82.67520914115023
564,38.2493582514051,92.52481449999993,69.05834354704467,93.12450571000001,91.82543522846287,94,90.7122319,85.47,92.94925967522167,78.26036730147918
565,44.82789261172776,91.55723050000017,69.05834354704467,94.35421419000001,91.82543522846287,94,95.99463999999999,85.47,89.72009488773756,80.03101134971493
566,41.362344895298165,92.48519050000016,69.05834354704467,85.65329539000001,89.28164110839506,94,82.64833560000001,85.47,95.30402038654552,78.0507704365221
567,73.33801941897349,78.5339882500001,69.05834354704467,90.04486655999999,79.79190629637895,94,95.7400975,85.47,87.02817352472138,82.5766498059591
568,52.92209467045358,92.45336800000001,69.05834354704467,88.14521244000001,97.1325202492914,94,95.969151775,85.246192,86.52968872012227,81.5247784896883
569,38.66090377373062,77.28313872999979,61.04912732152012,86.996751,89.28164110839506,94,86.244720975,85.47,15.528777032611504,55.13980844454581
570,96.75351456423012,91.54169999999976,69.05834354704467,92.81952579,94.44170660639645,94,95.30910797499999,85.47,96.56500164873985,91.00268664918443
571,37.85693123046042,92.31848200000013,69.05834354704467,94.74171003999999,94.44170660639645,94,95.23327750000001,85.47,69.0003084551091,74.88834369241887
572,96.75351456423012,91.78676250000012,69.05834354704467,92.36389131,94.44170660639645,94,92.35327590000001,85.47,93.41541945805696,90.24789103204682
573,96.75351456423012,56.01136101477867,69.05834354704467,93.96824784,89.28164110839506,94,92.7444775,85.47,90.33209444284165,84.27003466233757
574,45.436905678779766,91.79679999999996,69.05834354704467,88.72531644,94.44170660639645,94,89.9520559,85.47,96.73998823969752,80.56105882183223
575,39.548853414164945,91.73228799999998,69.05834354704467,89.08986979,91.82543522846287,94,94.65416797500001,85.47,82.99982824883591,76.99556023313804
576,53.41392801394582,66.56371075086359,69.05834354704467,95.52129024,94.44170660639645,94,94.253664775,85.47,93.19063540932488,79.7957432974658
577,38.87440187235018,91.79679999999996,69.05834354704467,91.23444096,97.95461603032871,94,94.981,85.47,88.92171716389524,78.42039121993255
578,86.66900970948674,63.56935695928578,69.05834354704467,87.21089451,97.95461603032871,94,92.67097997500001,85.47,97.70970072476834,85.4384344867759
579,60.245345562976965,92.45647050000002,69.05834354704467,91.23444096,89.28164110839506,94,95.7909456,85.47,96.56980308403611,84.27554761256297
580,63.03765820847627,92.37119999999999,69.05834354704467,89.74992016,93.12438355689208,94,88.50121560000001,85.47,91.10354409962972,83.6894245499889
581,53.41392801394582,34.19999999999999,69.05834354704467,91.08488764,89.28164110839506,94,93.53267910000001,85.47,93.6451099001657,72.92244042355155
582,64.88305358424546,91.16845,54.773080525110764,90.78651516,94.44170660639645,94,94.7797216,85.47,97.94682585087742,83.68348399441813
583,70.68544767637805,87.52000000000001,69.05834354704467,95.991975,94.44170660639645,94,91.09521910000001,74.39268000000001,96.43812611872009,85.35540125322895
584,58.32927443960972,86.4,69.05834354704467,91.45922979,89.28164110839506,94,93.13761190000001,85.47,95.66770647901969,82.89020667741553
585,64.88305358424546,76.64221392999991,69.05834354704467,94.74171003999999,94.44170660639645,94,96.7627975,85.47,98.29772596544501,84.42963706037543
586,100.0,89.75791299999992,69.05834354704467,89.162964,94.44170660639645,94,91.89123437500001,85.47,83.35630859766832,88.36993318639216
587,58.988122951934166,83.19999999999999,69.05834354704467,89.897271,96.04711513162293,94,91.4801391,85.47,96.07201839933829,83.0576591834747
588,80.76995253112142,92.23125000000005,69.05834354704467,90.86101651000001,97.95461603032871,94,97.38221589999999,85.47,99.0588561370514,89.32495937311515
589,53.9302593342417,92.37119999999999,69.05834354704467,90.04486655999999,94.44170660639645,94,94.7294775,85.47,91.43859093759258,82.39329536924086
590,62.32940584219643,90.34620000000007,69.05834354704467,90.04486655999999,89.28164110839506,94,97.53775,85.362448,99.01762252787267,84.83517106797294
591,36.44926155625893,92.524632,69.05834354704467,86.996751,91.82543522846287,94,94.2286975,85.47,97.8920359995097,78.0893846985617
592,47.21115919911277,89.37015552000003,69.05834354704467,91.45922979,89.28164110839506,94,92.867124375,85.47,57.63996597664287,73.95716594782014
593,71.6892156595224,92.51845000000014,69.05834354704467,92.59143324,94.44170660639645,94,95.410320975,85.47,98.71310669441874,87.42382113661235
594,45.040876364041075,72.22432707999997,69.05834354704467,94.27689855999999,41.815734504530816,94,93.2361975,85.47,97.2579188697533,72.76977865064785
595,48.360003323394096,91.89920200000006,69.05834354704467,94.27689855999999,91.82543522846287,94,96.2499375,85.47,96.01035859860384,81.93185634516188
596,76.58450485474337,50.5009195700097,69.05834354704467,92.06135859,91.82543522846287,94,85.04509477500001,85.47,87.50596903995371,79.43628631399743
597,76.58450485474337,54.11078642790172,69.05834354704467,93.04816896,91.82543522846287,94,94.1787856,85.47,89.21886052527803,81.10649970592917
598,51.16130900798409,85.91999999999999,69.05834354704467,92.51552475000001,94.44170660639645,94,91.6733239,85.47,97.81886025370531,81.97872905440929
599,42.14375394088741,92.23125000000005,69.05834354704467,83.16836875,91.82543522846287,94,86.559328975,85.47,98.21053251433972,78.9257924226672
600,38.76698410945067,91.16845,69.05834354704467,94.35421419000001,97.67981389360479,94,90.354936775,85.47,97.07167221122684,79.42708767271624
601,52.0037710708613,42.56999999999999,69.05834354704467,90.04486655999999,91.82543522846287,94,93.48319000000001,85.47,91.75056675875695,74.42545987887794
602,44.82789261172776,92.32377450000024,69.05834354704467,92.06135859,97.95461603032871,94,96.429094975,85.47,87.59210400402088,80.1337175303285
603,36.779374617659656,86.4,69.05834354704467,92.36389131,82.06532084774574,94,94.981,85.47,92.02265804293279,76.39079634205238
604,39.27268176006709,71.32176536499281,61.04912732152012,90.26671875,94.97383884852434,94,87.60345997499999,85.47,92.02265804293279,74.90365993506626
605,96.75351456423012,35.01000000000002,69.05834354704467,95.208724,91.82543522846287,94,93.73093750000001,85.47,86.9254452617521,79.52472044334601
606,96.75351456423012,89.75791299999992,69.05834354704467,86.57011584,94.44170660639645,94,95.107044375,85.47,88.86888699700071,88.87833142067392
